scene,arm,missed_target_frac,longest_miss_ms,target_keep_db_mean,target_in_overlap_db,other_leak_db,wearer_leak_db,leak_frac_other,leak_frac_wearer,lag_ms,start_loss_ms,gate_flips_per_min,clip_frac,peak,selected_seconds,raw_caption_wer_pct,state_counters
s00_turns_snrclean_rt50,raw,0.0,0,0.0,,0.0,,1.0,,0.0,0,265.2714989587037,0.0,0.39790773391723633,,117.14285714285714,
s00_turns_snrclean_rt50,GTCRN_core,0.004418262150220913,20,-0.3337603159867407,,-4.064664986886145,,0.9048096192384769,,0.0,0,210.65677858485293,0.0,0.3953918218612671,,117.14285714285714,
s00_turns_snrclean_rt50,ENH6_scripted,0.0029455081001472753,20,4.314162833592334,,-12.301308788373003,,0.42384769539078154,,0.0,0,273.0736018692538,0.0,0.5471621751785278,,117.14285714285714,stateTransitions=123 targetFrames=421 targetBelowMinus10dB=0
s00_turns_snrclean_rt50,ENH5_scripted,0.004418262150220913,20,4.254858202378263,,-19.95814437445248,,0.22645290581162325,,0.0,0,288.67780769035403,0.0,0.5425006747245789,,117.14285714285714,stateTransitions=117 targetFrames=421 targetBelowMinus10dB=0
s01_overlap_snrclean_rt50,raw,0.0,0,0.0005651050357298353,0.1802143253478219,0.006926688550631453,,1.0,,0.0,0,190.26525652364566,0.0,0.5229120850563049,,55.88235294117647,
s01_overlap_snrclean_rt50,GTCRN_core,0.0,0,-0.5186717382124455,-11.404185756153222,-0.41131134951905807,,1.0,,0.0,0,185.5086251105545,0.0,0.5212580561637878,,55.88235294117647,
s01_overlap_snrclean_rt50,ENH6_scripted,0.0,0,4.145723884108988,-7.295632200485408,-8.37302331316131,,0.7064676616915423,,0.0,0,209.29178217601023,0.0,0.949999988079071,,55.88235294117647,stateTransitions=85 targetFrames=471 targetBelowMinus10dB=0
s01_overlap_snrclean_rt50,ENH5_scripted,0.0,0,4.069621887419608,-11.836927347535742,-13.73220987859133,,0.4129353233830846,,0.0,0,190.26525652364566,0.0,0.949999988079071,,55.88235294117647,stateTransitions=85 targetFrames=471 targetBelowMinus10dB=0
s02_wearer_snrclean_rt300,raw,0.0,0,0.0,,,0.0,,1.0,0.0,0,198.855790096666,0.0,0.9500000476837158,,150.0,
s02_wearer_snrclean_rt300,GTCRN_core,0.006172839506172839,20,-0.8725970876610186,,,-0.1597515522856848,,0.9983388704318937,0.0,0,217.79443677253897,0.0,0.9501171112060547,,150.0,
s02_wearer_snrclean_rt300,ENH6_scripted,0.0,0,2.9733033833114075,,,-11.344218024966946,,0.4900332225913621,0.0,0,246.2024067863484,0.0,0.5908917784690857,,150.0,stateTransitions=87 targetFrames=507 targetBelowMinus10dB=0
s02_wearer_snrclean_rt300,ENH5_scripted,0.0049382716049382715,20,2.769234338382801,,,-17.677197523945416,,0.2441860465116279,0.0,0,307.7530084829355,0.0,0.5844820737838745,,150.0,stateTransitions=87 targetFrames=507 targetBelowMinus10dB=0
s03_mixed_snrclean_rt300,raw,0.0,0,6.463646273458716e-05,-0.003730977845458613,0.010238272437872953,0.0,1.0,1.0,0.0,0,534.5746677678504,0.0,0.7652207016944885,,102.27272727272727,
s03_mixed_snrclean_rt300,GTCRN_core,0.11235059760956176,210,-4.344343014393821,-3.254344081318045,-8.330597219276566,-1.3667658969174665,0.7547723935389133,0.9846938775510204,0.0,0,180.19370823635407,0.0,0.7607725858688354,,102.27272727272727,
s03_mixed_snrclean_rt300,ENH6_scripted,0.08605577689243028,210,1.2553678716183716,-1.9600220482245212,-16.73004182694136,-9.141020586218277,0.22466960352422907,0.5663265306122449,0.0,0,210.2259929424131,0.0,0.949999988079071,,102.27272727272727,stateTransitions=177 targetFrames=856 targetBelowMinus10dB=0
s03_mixed_snrclean_rt300,ENH5_scripted,0.1099601593625498,210,-0.9829232585193147,-3.3171035775149686,-24.616586769916413,-16.6762277387967,0.1145374449339207,0.29591836734693877,0.0,0,201.21630753059537,0.0,0.949999988079071,,102.27272727272727,stateTransitions=113 targetFrames=856 targetBelowMinus10dB=0
s04_turns_snr10_rt600,raw,0.0,0,0.02467987242552096,,-0.005492065537716886,,1.0,,0.0,0,6.244176573605671,0.0,0.5043666362762451,,100.0,
s04_turns_snr10_rt600,GTCRN_core,0.14301310043668122,150,-5.172530919903405,,-4.217001637518112,,0.8851282051282051,,0.0,70,118.63935489850775,0.0,0.45364639163017273,,100.0,
s04_turns_snr10_rt600,ENH6_scripted,0.010917030567685589,40,-0.28083468262165656,,-20.289517031108286,,0.2,,0.0,40,679.0542023796168,0.0,0.8777176141738892,,100.0,stateTransitions=169 targetFrames=572 targetBelowMinus10dB=0
s04_turns_snr10_rt600,ENH5_scripted,0.0927947598253275,130,-2.234146243120682,,-26.50351200389905,,0.09025641025641026,,0.0,70,206.05782692898714,0.0,0.8663011789321899,,100.0,stateTransitions=71 targetFrames=572 targetBelowMinus10dB=0
s05_overlap_snr5_rt600,raw,0.0,0,-0.1185666921301324,1.6857597518340541,0.08387080695894883,,1.0,,0.0,0,3.097363691799407,0.0,0.8048657178878784,,100.0,
s05_overlap_snr5_rt600,GTCRN_core,0.18127250900360145,160,-6.652272428944439,-7.636701853290599,-4.964837092111018,,0.9130434782608695,,0.0,0,151.77082089817094,0.0,0.5985303521156311,,100.0,
s05_overlap_snr5_rt600,ENH6_scripted,0.10684273709483794,130,-3.833298529396873,-7.40637093786877,-17.639885525186777,,0.2546583850931677,,0.0,0,387.1704614749259,0.0,0.8682804107666016,,100.0,stateTransitions=44 targetFrames=520 targetBelowMinus10dB=0
s05_overlap_snr5_rt600,ENH5_scripted,0.1788715486194478,160,-6.444784563901956,-11.039702413961898,-28.256152935577155,,0.037267080745341616,,0.0,0,157.96554828176977,0.0,0.8453364372253418,,100.0,stateTransitions=32 targetFrames=520 targetBelowMinus10dB=0
s06_wearer_snrclean_rt50,raw,0.0,0,0.0,,,0.0,,1.0,0.0,0,392.303155730917,0.0,0.9500000476837158,,83.78378378378379,
s06_wearer_snrclean_rt50,GTCRN_core,0.0,0,-0.20103761014118557,,,-5.850031714021494,,0.8747016706443914,0.0,0,219.92752669763527,0.0,0.5234586596488953,,83.78378378378379,
s06_wearer_snrclean_rt50,ENH6_scripted,0.0,0,3.9548660398004305,,,-14.205953403811142,,0.3448687350835322,0.0,0,315.0313220263424,0.0,0.5714338421821594,,83.78378378378379,stateTransitions=169 targetFrames=495 targetBelowMinus10dB=0
s06_wearer_snrclean_rt50,ENH5_scripted,0.0,0,3.9856542756889732,,,-22.555048597775226,,0.18854415274463007,0.0,0,264.50743075796674,0.0,0.5683203935623169,,83.78378378378379,stateTransitions=143 targetFrames=495 targetBelowMinus10dB=0
s07_mixed_snr10_rt50,raw,0.0,0,-0.013669397013294535,0.014384557772328038,-0.024884272202087606,-0.21313692880176122,1.0,0.9949238578680203,0.0,0,87.46626626553665,0.0,0.6714082956314087,,79.06976744186046,
s07_mixed_snr10_rt50,GTCRN_core,0.029836381135707413,120,-1.5756819411220278,-0.40075766096634213,-2.837053879115728,-14.10524416296836,0.9305301645338209,0.6091370558375635,0.0,0,246.65487086881333,0.0,0.6259739995002747,,79.06976744186046,
s07_mixed_snr10_rt50,ENH6_scripted,0.019249278152069296,80,0.8659912019103087,-0.6485810123676266,-8.038892910020534,-17.06845789756413,0.676416819012797,0.16243654822335024,0.0,0,753.9592152089258,0.0,0.949999988079071,,79.06976744186046,stateTransitions=161 targetFrames=686 targetBelowMinus10dB=0
s07_mixed_snr10_rt50,ENH5_scripted,0.03176130895091434,120,0.2039738128297263,-0.9695462278354938,-16.504856396103182,-29.708216217164328,0.30895795246800734,0.06598984771573604,0.0,0,295.63597997751384,0.0,0.949999988079071,,79.06976744186046,stateTransitions=151 targetFrames=686 targetBelowMinus10dB=0
s08_turns_snr5_rt300,raw,0.0,0,0.009187773177148532,,0.04103973957654638,,1.0,,0.0,0,0.0,0.0,0.5684311389923096,,97.29729729729729,
s08_turns_snr5_rt300,GTCRN_core,0.03507014028056112,90,-2.1742484308472005,,-3.435036559144281,,0.9178794178794178,,0.0,20,163.45368888159186,0.0,0.5465930700302124,,97.29729729729729,
s08_turns_snr5_rt300,ENH6_scripted,0.008016032064128256,30,0.5445155067835314,,-14.80955089828267,,0.34407484407484407,,0.0,0,1072.6648332854465,0.0,0.9157963991165161,,97.29729729729729,stateTransitions=143 targetFrames=620 targetBelowMinus10dB=0
s08_turns_snr5_rt300,ENH5_scripted,0.03206412825651302,90,-0.1535964330822644,,-24.241479772480645,,0.11642411642411643,,0.0,10,207.23592697487538,0.0,0.9020780324935913,,97.29729729729729,stateTransitions=113 targetFrames=620 targetBelowMinus10dB=0
s09_overlap_snrclean_rt300,raw,0.0,0,0.0003196614733527592,-0.1734642044073844,-0.03154795390241336,,1.0,,0.0,0,111.04256631708822,0.0,0.470279723405838,,96.66666666666667,
s09_overlap_snrclean_rt300,GTCRN_core,0.007547169811320755,30,-0.8800058996003187,-1.2956236324949784,-2.1663774911592797,,1.0,,0.0,0,133.25107958050586,0.0,0.4639164209365845,,96.66666666666667,
s09_overlap_snrclean_rt300,ENH6_scripted,0.0,0,3.0887834508555945,-1.467252343441064,-12.950389800015186,,0.375,,0.0,0,185.0709438618137,0.0,0.8974792957305908,,96.66666666666667,stateTransitions=67 targetFrames=577 targetBelowMinus10dB=0
s09_overlap_snrclean_rt300,ENH5_scripted,0.0037735849056603774,30,2.900537060859183,-1.7105880664978286,-19.27505810289915,,0.2864583333333333,,0.0,0,162.86243059839606,0.0,0.8896211981773376,,96.66666666666667,stateTransitions=67 targetFrames=577 targetBelowMinus10dB=0
s10_wearer_snr10_rt600,raw,0.009844134536505332,20,-0.19149874230518246,,,-0.07408397661259035,,0.9973262032085561,0.0,0,84.7095750497527,0.0,0.949999988079071,,210.71428571428572,
s10_wearer_snr10_rt600,GTCRN_core,0.347005742411813,690,-13.298045391697288,,,-1.3927055430192936,,0.982620320855615,0.0,0,155.8051112522237,0.0,0.9311399459838867,,210.71428571428572,
s10_wearer_snr10_rt600,ENH6_scripted,0.07301066447908121,60,-3.2487120677257835,,,-11.855939019918884,,0.47459893048128343,0.0,0,1019.5402425630949,0.0,0.5235839486122131,,210.71428571428572,stateTransitions=149 targetFrames=767 targetBelowMinus10dB=0
s10_wearer_snr10_rt600,ENH5_scripted,0.3388022969647252,690,-11.595397122812653,,,-19.10015761575893,,0.20989304812834225,0.0,0,213.28660860741303,0.0,0.43432480096817017,,210.71428571428572,stateTransitions=75 targetFrames=767 targetBelowMinus10dB=0
s11_mixed_snr5_rt600,raw,0.0008382229673093043,10,-0.027106960251241312,-0.15233750271664742,-0.03767661024486434,-0.0357652616681593,0.9933665008291874,1.0,0.0,0,3.292254456975207,0.0,0.949999988079071,,100.0,
s11_mixed_snr5_rt600,GTCRN_core,0.12321877619446772,160,-4.778877915883377,-8.57860146828791,-15.677609854939536,-2.7473301428266788,0.4228855721393035,0.975,0.0,0,195.8891401900248,0.0,0.7577183246612549,,100.0,
s11_mixed_snr5_rt600,ENH6_scripted,0.04694048616932104,100,-1.9215432307686438,-4.949020583739859,-12.767610294109126,-8.777967297810267,0.3598673300165838,0.6625,0.0,0,913.6006118106199,0.0,0.7043675780296326,,100.0,stateTransitions=167 targetFrames=863 targetBelowMinus10dB=0
s11_mixed_snr5_rt600,ENH5_scripted,0.11483654652137469,130,-3.5862713627181564,-8.70515166646307,-28.963057354303636,-20.03270589042114,0.06301824212271974,0.1625,0.0,0,153.08983224934713,0.0,0.6850020885467529,,100.0,stateTransitions=101 targetFrames=863 targetBelowMinus10dB=0
s00_turns_snrclean_rt50,SEP11_host_optimistic,0.07216494845360824,150,-2.570331862011364,,-0.15856855116008645,,1.0,,0.0,0,276.97465332452884,0.0,0.39790773391723633,7,117.14285714285714,
s01_overlap_snrclean_rt50,SEP11_host_optimistic,0.022099447513812154,150,-0.7050515487832907,0.1802143253478219,0.006926688550631453,,1.0,,0.0,0,190.26525652364566,0.0,0.5229120850563049,1,55.88235294117647,
s02_wearer_snrclean_rt300,SEP11_host_optimistic,0.0,0,0.0,,,0.0,,1.0,0.0,0,198.855790096666,0.0,0.9500000476837158,0,150.0,
s03_mixed_snrclean_rt300,SEP11_host_optimistic,0.0,0,6.463646273458716e-05,-0.003730977845458613,0.010238272437872953,0.0,1.0,1.0,0.0,0,534.5746677678504,0.0,0.7652207016944885,0,102.27272727272727,
s04_turns_snr10_rt600,SEP11_host_optimistic,0.0,0,0.02467987242552096,,-0.005492065537716886,,1.0,,0.0,0,6.244176573605671,0.0,0.5043666362762451,0,100.0,
s05_overlap_snr5_rt600,SEP11_host_optimistic,0.0,0,-0.1185666921301324,1.6857597518340541,0.08387080695894883,,1.0,,0.0,0,0.0,0.0,0.8048657178878784,0,100.0,
s06_wearer_snrclean_rt50,SEP11_host_optimistic,0.01373283395755306,40,-0.7379959133003048,,,-0.6294570073257459,,0.9844868735083532,0.0,0,395.2751493349391,0.0,0.9500000476837158,7,83.78378378378379,
s07_mixed_snr10_rt50,SEP11_host_optimistic,0.021174205967276226,180,-0.7238104094567357,0.014384557772328038,-0.024884272202087606,-0.21313692880176122,1.0,0.9949238578680203,0.0,0,143.44467667548008,0.0,0.6714082956314087,4,79.06976744186046,
s08_turns_snr5_rt300,SEP11_host_optimistic,0.04809619238476954,260,-1.1750693342559229,,0.04103973957654638,,1.0,,0.0,0,2.9188158728855687,0.0,0.5684311389923096,1,97.29729729729729,
s09_overlap_snrclean_rt300,SEP11_host_optimistic,0.0,0,0.0003196614733527592,-0.1734642044073844,-0.03154795390241336,,1.0,,0.0,0,111.04256631708822,0.0,0.470279723405838,0,96.66666666666667,
s10_wearer_snr10_rt600,SEP11_host_optimistic,0.03527481542247744,120,-0.7220431976160555,,,-0.07408397661259035,,0.9973262032085561,0.0,0,114.96299471037865,0.0,0.949999988079071,2,210.71428571428572,
s11_mixed_snr5_rt600,SEP11_host_optimistic,0.0008382229673093043,10,-0.027106960251241312,-0.15233750271664742,-0.03767661024486434,-0.0357652616681593,0.9933665008291874,1.0,0.0,0,3.292254456975207,0.0,0.949999988079071,0,100.0,
